order_key,trading_date,entry_time,exit_time,underlying,instrument_type,tradingsymbol,side,quantity,option_entry,option_exit,pnl,status,exit_reason,entry_remarks,exit_remarks,trade_mode
da8c52de-9d7b-438d-8594-ad8f424e75d2,2026-09-08,2026-09-08T09:36:00,2026-09-08T09:44:01,NIFTY,Option,NIFTY08SEP26C23700,BUY,65,49.35,40.15,-598.0000000000002,Closed,OPPOSITE_SIGNAL,Paper entry closed,OPPOSITE_SIGNAL,PAPER
8836ac06-5c0e-4294-b4fb-db7d56317d6b,2026-09-08,2026-09-08T09:43:00,2026-09-08T09:51:02,NIFTY,Option,NIFTY08SEP26P23650,BUY,65,33.4,26.85,-425.74999999999983,Closed,OPPOSITE_SIGNAL,Paper entry closed,OPPOSITE_SIGNAL,PAPER
2fef3551-e495-47f8-96cc-0698aae083ca,2026-09-08,2026-09-08T09:50:00,2026-09-08T09:57:06,NIFTY,Option,NIFTY08SEP26C23700,BUY,65,47.55,41.65,-383.4999999999999,Closed,OPPOSITE_SIGNAL,Paper entry closed,OPPOSITE_SIGNAL,PAPER
6e8b817f-21be-4cae-80c5-315089b26fdf,2026-09-08,2026-09-08T09:56:00,2026-09-08T10:08:05,NIFTY,Option,NIFTY08SEP26P23650,BUY,65,30.15,29.05,-71.49999999999986,Closed,OPPOSITE_SIGNAL,Paper entry closed,OPPOSITE_SIGNAL,PAPER
dc8e493e-ce8c-48bf-bf39-dba069f1c906,2026-09-08,2026-09-08T10:07:00,2026-09-08T10:17:56,NIFTY,Option,NIFTY08SEP26C23700,BUY,65,41.15,52.6,744.2500000000002,Closed,SL,Paper entry closed,SL,PAPER
39164a7e-3b79-4ff9-94b7-339b86ec6284,2026-09-08,2026-09-08T10:25:00,2026-09-08T10:47:03,NIFTY,Option,NIFTY08SEP26P23700,BUY,65,43.5,46.05,165.74999999999983,Closed,OPPOSITE_SIGNAL,Paper entry closed,OPPOSITE_SIGNAL,PAPER
8be6d6cf-7130-4f81-b179-1eae780cda97,2026-09-08,2026-09-08T10:46:00,2026-09-08T10:56:07,NIFTY,Option,NIFTY08SEP26C23700,BUY,65,40.8,40.55,-16.25,Closed,OPPOSITE_SIGNAL,Paper entry closed,OPPOSITE_SIGNAL,PAPER
9f800037-1c7d-4e15-a78d-0ac4160e2c19,2026-09-08,2026-09-08T10:55:00,2026-09-08T11:09:04,NIFTY,Option,NIFTY08SEP26P23700,BUY,65,45.1,44.1,-65.0,Closed,OPPOSITE_SIGNAL,Paper entry closed,OPPOSITE_SIGNAL,PAPER
c4e3d72f-c824-49ad-8390-f11609906298,2026-09-08,2026-09-08T11:08:00,2026-09-08T12:46:04,NIFTY,Option,NIFTY08SEP26C23700,BUY,65,39.9,26.9,-845.0,Closed,OPPOSITE_SIGNAL,Paper entry closed,OPPOSITE_SIGNAL,PAPER
cf234314-672f-4dbe-a312-565acc77c8da,2026-09-08,2026-09-08T12:45:00,2026-09-08T12:46:12,NIFTY,Option,NIFTY08SEP26P23650,BUY,65,28.4,28.25,-9.749999999999908,Closed,OPPOSITE_SIGNAL,Paper entry closed,OPPOSITE_SIGNAL,PAPER
e6d45b6a-a678-4c06-8e1a-2f0834550078,2026-09-08,2026-09-08T12:36:00,2026-09-08T13:34:06,NIFTY,Option,NIFTY08SEP26C23650,BUY,65,50.75,39.35,-740.9999999999999,Closed,OPPOSITE_SIGNAL,Paper entry closed,OPPOSITE_SIGNAL,PAPER
1f481341-29d8-43ef-a183-1b638ac4e7fe,2026-09-08,2026-09-08T13:33:00,2026-09-08T14:00:39,NIFTY,Option,NIFTY08SEP26P23650,BUY,65,32.35,32.25,-6.500000000000092,Closed,SL,Paper entry closed,SL,PAPER
cd473c2a-98a4-4dd5-958b-228b63e09626,2026-09-09,2026-09-09T09:14:00,2026-09-09T09:26:01,NIFTY,Option,NIFTY15SEP26P23500,BUY,65,100.95,101.7,48.75,Closed,SL,Paper entry closed,SL,PAPER
58930c54-7069-478d-b5b4-c44420548a6c,2026-09-09,2026-09-09T09:25:00,2026-09-09T09:47:03,NIFTY,Option,NIFTY15SEP26C23500,BUY,65,170.15,172.35,142.99999999999926,Closed,OPPOSITE_SIGNAL,Paper entry closed,OPPOSITE_SIGNAL,PAPER
4c4e5877-6a96-4e7a-8b52-bd0c2af0c296,2026-09-09,2026-09-09T09:46:00,2026-09-09T10:14:02,NIFTY,Option,NIFTY15SEP26P23500,BUY,65,97.75,108.4,692.2500000000003,Closed,OPPOSITE_SIGNAL,Paper entry closed,OPPOSITE_SIGNAL,PAPER
1962ff34-ed37-4bdc-b95a-bf8c2c0c79b5,2026-09-09,2026-09-09T10:13:00,2026-09-09T10:26:04,NIFTY,Option,NIFTY15SEP26C23500,BUY,65,153.3,178.0,1605.4999999999993,Closed,SL,Paper entry closed,SL,PAPER
eb404a9b-1481-4e47-9cc2-a1a3b352a809,2026-09-09,2026-09-09T10:34:00,2026-09-09T10:49:04,NIFTY,Option,NIFTY15SEP26P23550,BUY,65,113.35,114.95,104.00000000000055,Closed,OPPOSITE_SIGNAL,Paper entry closed,OPPOSITE_SIGNAL,PAPER
ef1a61d3-af4c-491f-8033-74d785476799,2026-09-09,2026-09-09T10:48:00,2026-09-09T11:13:13,NIFTY,Option,NIFTY15SEP26C23500,BUY,65,165.75,170.45,305.49999999999926,Closed,SL,Paper entry closed,SL,PAPER
65f74759-5c6e-4f69-a8bc-5e58ee5e50c3,2026-09-09,2026-09-09T11:23:00,2026-09-09T11:44:06,NIFTY,Option,NIFTY15SEP26P23500,BUY,65,93.1,88.3,-311.99999999999983,Closed,OPPOSITE_SIGNAL,Paper entry closed,OPPOSITE_SIGNAL,PAPER
49320b4f-04a4-4966-9084-7f76cfccdaae,2026-09-09,2026-09-09T11:43:00,2026-09-09T11:51:05,NIFTY,Option,NIFTY15SEP26C23550,BUY,65,143.05,134.1,-581.7500000000011,Closed,OPPOSITE_SIGNAL,Paper entry closed,OPPOSITE_SIGNAL,PAPER
8110abf4-94ae-42dd-bfa3-6c877e7147ab,2026-09-09,2026-09-09T11:50:00,2026-09-09T12:14:04,NIFTY,Option,NIFTY15SEP26P23500,BUY,65,93.15,103.3,659.7499999999994,Closed,OPPOSITE_SIGNAL,Paper entry closed,OPPOSITE_SIGNAL,PAPER
31237fb1-1464-430c-8b02-a41385f1e041,2026-09-09,2026-09-09T12:13:00,2026-09-09T12:41:06,NIFTY,Option,NIFTY15SEP26C23500,BUY,65,147.7,185.35,2447.2500000000005,Closed,SL,Paper entry closed,SL,PAPER
e26068f6-43f7-487c-8442-8d56edecbe94,2026-09-09,2026-09-09T12:53:00,2026-09-09T13:22:06,NIFTY,Option,NIFTY15SEP26P23550,BUY,65,99.85,98.55,-84.49999999999982,Closed,OPPOSITE_SIGNAL,Paper entry closed,OPPOSITE_SIGNAL,PAPER
41d7a150-01be-48fe-b3ae-747e4264d58e,2026-09-09,2026-09-09T13:21:00,2026-09-09T13:48:19,NIFTY,Option,NIFTY15SEP26C23550,BUY,65,149.7,148.45,-81.25,Closed,MANUAL_EXIT,Paper entry closed,MANUAL_EXIT,PAPER
c4ce4846-d041-418d-8c84-d7f0c55e2ced,2026-09-10,2026-09-10T09:18:00,2026-09-10T09:22:34,NIFTY,Option,NIFTY15SEP26C23450,BUY,65,148.95,129.2,-1283.75,Closed,SL,Paper entry closed,SL,PAPER
0a1a11df-8d1c-4656-905d-ce8e1b326e8c,2026-09-10,2026-09-10T09:22:00,2026-09-10T10:17:01,NIFTY,Option,NIFTY15SEP26P23400,BUY,65,85.65,77.4,-536.25,Closed,OPPOSITE_SIGNAL,Paper entry closed,OPPOSITE_SIGNAL,PAPER
8a621f02-352d-44a5-9d0b-c7fd7e71cd56,2026-09-10,2026-09-10T10:16:00,2026-09-10T10:46:48,NIFTY,Option,NIFTY15SEP26C23450,BUY,65,129.05,131.05,130.0,Closed,SL,Paper entry closed,SL,PAPER
4e27edb1-8320-4d61-a7fb-5831ff2791a9,2026-09-10,2026-09-10T10:48:00,2026-09-10T11:09:04,NIFTY,Option,NIFTY15SEP26P23450,BUY,65,97.25,98.25,65.0,Closed,SL,Paper entry closed,SL,PAPER
fe97c502-d8ff-4bf4-9a6d-a726093db4e5,2026-09-10,2026-09-10T11:13:00,2026-09-10T11:22:07,NIFTY,Option,NIFTY15SEP26C23450,BUY,65,131.2,128.1,-201.49999999999963,Closed,OPPOSITE_SIGNAL,Paper entry closed,OPPOSITE_SIGNAL,PAPER
0739488c-afce-4c45-8006-487b64b67cc8,2026-09-10,2026-09-10T11:21:00,2026-09-10T11:48:04,NIFTY,Option,NIFTY15SEP26P23400,BUY,65,74.05,74.1,3.2499999999998153,Closed,OPPOSITE_SIGNAL,Paper entry closed,OPPOSITE_SIGNAL,PAPER
4c2301f8-2fba-4e82-8ef4-06160382c3ad,2026-09-10,2026-09-10T11:47:00,2026-09-10T12:23:38,NIFTY,Option,NIFTY15SEP26C23450,BUY,65,127.1,137.25,659.7500000000003,Closed,SL,Paper entry closed,SL,PAPER
25f902b5-4476-470c-8413-d50d4383a7c4,2026-09-10,2026-09-10T12:36:00,2026-09-10T12:46:05,NIFTY,Option,NIFTY15SEP26P23450,BUY,65,89.05,85.3,-243.75,Closed,OPPOSITE_SIGNAL,Paper entry closed,OPPOSITE_SIGNAL,PAPER
b834c2c6-7016-497e-8322-3fa06bbd1d82,2026-09-10,2026-09-10T12:45:00,2026-09-10T13:00:11,NIFTY,Option,NIFTY15SEP26C23450,BUY,65,134.9,120.05,-965.2500000000006,Closed,OPPOSITE_SIGNAL,Paper entry closed,OPPOSITE_SIGNAL,PAPER
29ef9066-d6b4-44cc-8d4f-658dc0d0c325,2026-09-10,2026-09-10T12:59:00,2026-09-10T13:15:03,NIFTY,Option,NIFTY15SEP26P23450,BUY,65,93.7,87.75,-386.75000000000017,Closed,OPPOSITE_SIGNAL,Paper entry closed,OPPOSITE_SIGNAL,PAPER
240dcd7e-f797-4264-b18c-cb055a0c4c72,2026-09-10,2026-09-10T13:14:00,2026-09-10T14:04:54,NIFTY,Option,NIFTY15SEP26C23450,BUY,65,126.35,106.0,-1322.7499999999995,Closed,SL,Paper entry closed,SL,PAPER
efc0f8e3-76db-425a-8e3e-e4d51043d16b,2026-09-11,2026-09-11T09:14:00,2026-09-11T09:15:43,NIFTY,Option,NIFTY15SEP26P23250,BUY,65,104.05,105.5,94.25000000000018,Closed,MANUAL_EXIT,Paper entry closed,MANUAL_EXIT,PAPER
cec71bc3-ce5b-413d-9dd5-c266b2e215a8,2026-09-11,2026-09-11T09:56:00,2026-09-11T10:25:04,NIFTY,Option,NIFTY15SEP26C23250,BUY,65,109.7,136.55,1745.2500000000005,Closed,SL,Paper entry closed,SL,PAPER
81cd595a-b384-48c6-bc4a-52284b0e5802,2026-09-11,2026-09-11T10:27:00,2026-09-11T10:37:03,NIFTY,Option,NIFTY15SEP26P23300,BUY,65,108.8,103.2,-363.99999999999966,Closed,OPPOSITE_SIGNAL,Paper entry closed,OPPOSITE_SIGNAL,PAPER
74cfbee3-2e19-4b1b-b305-108116f6e2ca,2026-09-11,2026-09-11T10:36:00,2026-09-11T10:48:05,NIFTY,Option,NIFTY15SEP26C23300,BUY,65,108.15,109.0,55.24999999999963,Closed,SL,Paper entry closed,SL,PAPER
ecb3ea4b-b857-406e-968c-9bdd8b779a38,2026-09-11,2026-09-11T10:50:00,2026-09-11T11:02:03,NIFTY,Option,NIFTY15SEP26P23300,BUY,65,105.25,100.8,-289.25000000000017,Closed,OPPOSITE_SIGNAL,Paper entry closed,OPPOSITE_SIGNAL,PAPER
47d70168-de26-4015-9720-15fdc089a00d,2026-09-11,2026-09-11T11:01:00,2026-09-11T11:15:56,NIFTY,Option,NIFTY15SEP26C23300,BUY,65,108.5,133.1,1598.9999999999995,Closed,SL,Paper entry closed,SL,PAPER
baf58352-c43f-4954-afdf-54f8827ffa97,2026-09-11,2026-09-11T11:31:00,2026-09-11T13:28:05,NIFTY,Option,NIFTY15SEP26P23350,BUY,65,105.85,99.3,-425.74999999999983,Closed,OPPOSITE_SIGNAL,Paper entry closed,OPPOSITE_SIGNAL,PAPER
872520f5-dad8-47dc-aee2-6f8659cf9724,2026-09-11,2026-09-11T13:27:00,2026-09-11T13:38:01,NIFTY,Option,NIFTY15SEP26C23350,BUY,65,103.95,102.1,-120.25000000000055,Closed,OPPOSITE_SIGNAL,Paper entry closed,OPPOSITE_SIGNAL,PAPER
62b09b4b-260f-4036-80b5-8b933ac2e177,2026-09-11,2026-09-11T13:37:00,2026-09-11T13:43:00,NIFTY,Option,NIFTY15SEP26P23350,BUY,65,100.4,103.25,185.24999999999963,Closed,SL,Paper entry closed,SL,PAPER
28ef9ef3-9049-4654-ac38-928afa1ea6ef,2026-09-11,2026-09-11T13:51:00,2026-09-11T13:54:54,NIFTY,Option,NIFTY15SEP26C23350,BUY,65,104.4,111.85,484.24999999999926,Closed,SL,Paper entry closed,SL,PAPER
5f451bd0-55cc-4129-b524-14c87c7d9d39,2026-09-11,2026-09-11T15:01:00,2026-09-11T15:07:57,NIFTY,Option,NIFTY15SEP26P23400,BUY,65,91.0,92.0,65.0,Closed,SL,Paper entry closed,SL,PAPER
f3f554c5-9068-40da-ab4a-b0a139bdfd97,2026-09-15,2026-09-15T09:14:00,2026-09-15T09:24:28,NIFTY,Option,NIFTY15SEP26C23600,BUY,65,15.7,14.55,-74.74999999999991,Closed,OPPOSITE_SIGNAL,Paper entry closed,OPPOSITE_SIGNAL,PAPER
80e7347b-2d60-4fd0-b67d-7bad6d292e9d,2026-09-15,2026-09-15T09:23:00,2026-09-15T09:40:06,NIFTY,Option,NIFTY15SEP26P23500,BUY,65,63.85,76.4,815.7500000000002,Closed,SL,Paper entry closed,SL,PAPER
7194f17c-4527-4b94-af8d-025c24cef886,2026-09-15,2026-09-15T11:01:00,2026-09-15T11:10:07,NIFTY,Option,NIFTY15SEP26C23350,BUY,65,58.95,48.75,-663.0000000000002,Closed,OPPOSITE_SIGNAL,Paper entry closed,OPPOSITE_SIGNAL,PAPER
769dd191-01ee-4be1-824f-6a7cc351b8fe,2026-09-15,2026-09-15T11:09:00,2026-09-15T11:37:07,NIFTY,Option,NIFTY15SEP26P23350,BUY,65,65.75,59.65,-396.5000000000001,Closed,OPPOSITE_SIGNAL,Paper entry closed,OPPOSITE_SIGNAL,PAPER
003219b4-3375-4aaa-92f4-9e8c7feb999f,2026-09-15,2026-09-15T11:36:00,2026-09-15T11:53:00,NIFTY,Option,NIFTY15SEP26C23350,BUY,65,52.05,48.6,-224.24999999999972,Closed,OPPOSITE_SIGNAL,Paper entry closed,OPPOSITE_SIGNAL,PAPER
5761ea60-42a7-41bd-aa1f-4dc10b9e5fba,2026-09-15,2026-09-15T11:52:00,2026-09-15T12:03:06,NIFTY,Option,NIFTY15SEP26P23300,BUY,65,38.95,33.5,-354.25000000000017,Closed,OPPOSITE_SIGNAL,Paper entry closed,OPPOSITE_SIGNAL,PAPER
64e54462-5b57-4868-a12e-39d08a861864,2026-09-15,2026-09-15T12:02:00,2026-09-15T12:45:00,NIFTY,Option,NIFTY15SEP26C23350,BUY,65,54.6,34.1,-1332.5,Closed,SL,Paper entry closed,SL,PAPER
212c0500-1892-4779-8af6-665921b781a5,2026-09-15,2026-09-15T12:51:00,2026-09-15T13:00:07,NIFTY,Option,NIFTY15SEP26C23350,BUY,65,41.0,31.0,-650.0,Closed,OPPOSITE_SIGNAL,Paper entry closed,OPPOSITE_SIGNAL,PAPER
68bc8dc7-bfca-423c-a6dd-982ba7294204,2026-09-15,2026-09-15T12:59:00,2026-09-15T13:36:19,NIFTY,Option,NIFTY15SEP26P23300,BUY,65,41.3,55.2,903.5000000000003,Closed,SL,Paper entry closed,SL,PAPER
6cca1e19-5793-4c38-a624-ad29f39f3aa7,2026-09-16,2026-09-16T09:25:00,2026-09-16T09:33:58,NIFTY,Option,NIFTY22SEP26P23250,BUY,65,159.05,173.75,955.4999999999993,Closed,SL,Paper entry closed,SL,PAPER
7687ec5a-8206-4a36-8312-2cb8fadaf872,2026-09-16,2026-09-16T09:49:00,2026-09-16T09:53:05,NIFTY,Option,NIFTY22SEP26C23150,BUY,65,197.45,209.35,773.5000000000003,Closed,SL,Paper entry closed,SL,PAPER
45bd13b1-2261-4ddb-8ef2-fae33ab76105,2026-09-16,2026-09-16T10:02:00,2026-09-16T10:07:57,NIFTY,Option,NIFTY22SEP26P23200,BUY,65,142.05,150.6,555.7499999999989,Closed,SL,Paper entry closed,SL,PAPER
cb6e3714-74e0-482c-9571-97e0e8e33ed7,2026-09-16,2026-09-16T10:12:00,2026-09-16T10:19:36,NIFTY,Option,NIFTY22SEP26C23200,BUY,65,184.8,185.3,32.5,Closed,SL,Paper entry closed,SL,PAPER
16c297d7-1180-47f0-9f42-038c133fb14e,2026-09-16,2026-09-16T10:55:00,2026-09-16T11:03:01,NIFTY,Option,NIFTY22SEP26P23250,BUY,65,157.45,144.75,-825.4999999999993,Closed,OPPOSITE_SIGNAL,Paper entry closed,OPPOSITE_SIGNAL,PAPER
67f12f2c-e07d-4a71-8fe8-3f8f7fa90f00,2026-09-16,2026-09-16T11:02:00,2026-09-16T11:20:21,NIFTY,Option,NIFTY22SEP26C23250,BUY,65,185.8,166.1,-1280.5000000000011,Closed,SL,Paper entry closed,SL,PAPER
d3f53774-18e0-4de7-b4fc-1db806c43219,2026-09-16,2026-09-16T12:07:00,2026-09-16T12:36:12,NIFTY,Option,NIFTY22SEP26C23250,BUY,65,157.05,170.05,845.0,Closed,SL,Paper entry closed,SL,PAPER
ba73ce0a-5aba-4306-a5b4-055c15369f15,2026-09-16,2026-09-16T13:15:00,2026-09-16T13:31:14,NIFTY,Option,NIFTY22SEP26P23250,BUY,65,140.05,154.7,952.2499999999985,Closed,SL,Paper entry closed,SL,PAPER
984c5942-5a83-44c6-a832-b4d178b13246,2026-09-16,2026-09-16T14:17:00,2026-09-16T14:56:46,NIFTY,Option,NIFTY22SEP26C23250,BUY,65,158.725,160.2,16.25,Closed,SL,Exited 65 qty @ 157.50,SL,PAPER
89ab3918-2fcc-4a2c-a8ee-08ab920d13ac,2026-09-16,2026-09-16T15:00:00,2026-09-16T15:25:02,NIFTY,Option,NIFTY22SEP26P23250,BUY,260,156.45,153.55,-753.9999999999941,Closed,MIS_EXIT,Pending Manual SELL Limit @ 155.50 (Qty: 65),MIS_EXIT,PAPER
a5be86ac-0230-4b65-a659-e17c58cef5eb,2026-09-17,2026-09-17T09:17:00,2026-09-17T09:24:49,NIFTY,Option,NIFTY22SEP26C23250,BUY,65,154.1,133.55,-1335.7499999999989,Closed,SL,Paper entry closed,SL,PAPER
aa362a04-dcdf-4244-944f-893a0ecfaab5,2026-09-17,2026-09-17T09:41:00,2026-09-17T09:45:09,NIFTY,Option,NIFTY22SEP26P23250,BUY,65,121.9,123.0,71.49999999999963,Closed,SL,Paper entry closed,SL,PAPER
869a1f1d-e36a-4e32-8d81-f8b1d53190de,2026-09-17,2026-09-17T09:51:00,2026-09-17T10:17:32,NIFTY,Option,NIFTY22SEP26C23250,BUY,65,146.1,173.05,1751.7500000000011,Closed,SL,Paper entry closed,SL,PAPER
5be34bd5-cf14-4410-ba4b-ef5d325de26c,2026-09-17,2026-09-17T10:18:00,2026-09-17T10:36:56,NIFTY,Option,NIFTY22SEP26P23300,BUY,65,117.9,120.65,178.75,Closed,SL,Paper entry closed,SL,PAPER
c06169fb-49c4-4c63-bb89-2f5ff522e287,2026-09-17,2026-09-17T11:17:00,2026-09-17T11:46:43,NIFTY,Option,NIFTY22SEP26C23250,BUY,65,127.85,140.3,809.2500000000011,Closed,TARGET,Paper entry closed,TARGET,PAPER
00650bbb-9bd0-46e8-aa8f-f291b085911f,2026-09-18,2026-09-18T09:14:00,2026-09-18T09:20:12,NIFTY,Option,NIFTY22SEP26C23350,BUY,65,110.1,95.95,-919.7499999999994,Closed,MANUAL_EXIT,Paper entry closed,MANUAL_EXIT,PAPER
0987e04b-22db-4a10-9a76-e5642853a995,2026-09-18,2026-09-18T11:52:00,2026-09-18T13:45:05,NIFTY,Option,NIFTY22SEP26C23300,BUY,65,119.6,99.75,-1290.2499999999995,Closed,SL,Paper entry closed,SL,PAPER
239bae95-be09-4320-8df5-c0a7bb09e5c3,2026-09-18,2026-09-18T13:45:00,2026-09-18T13:53:29,NIFTY,Option,NIFTY22SEP26P23300,BUY,65,84.35,78.65,-370.49999999999926,Closed,OPPOSITE_SIGNAL,Paper entry closed,OPPOSITE_SIGNAL,PAPER
a740aedf-bd3f-4488-b7e7-978f1f40bb95,2026-09-18,2026-09-18T13:52:00,2026-09-18T14:12:55,NIFTY,Option,NIFTY22SEP26C23350,BUY,65,83.0,95.0,780.0,Closed,SL,Paper entry closed,SL,PAPER
e336d929-6d05-4d01-a2d2-9a85adc77122,2026-09-18,2026-09-18T14:43:00,2026-09-18T14:52:15,NIFTY,Option,NIFTY22SEP26P23350,BUY,65,86.5,79.9,-428.99999999999966,Closed,OPPOSITE_SIGNAL,Paper entry closed,OPPOSITE_SIGNAL,PAPER
b228b3ce-b51b-4e08-9fb7-7add8df53f8c,2026-09-21,2026-09-21T10:03:00,2026-09-21T10:46:00,NIFTY,Option,NIFTY22SEP26P23400,BUY,65,81.95,79.7,-146.25,Closed,OPPOSITE_SIGNAL,Paper entry closed,OPPOSITE_SIGNAL,PAPER
98b7b121-5d02-45c4-8f76-02e14a7f2060,2026-09-21,2026-09-21T10:45:00,2026-09-21T12:11:12,NIFTY,Option,NIFTY22SEP26C23400,BUY,65,61.3,75.35,913.2499999999998,Closed,OPPOSITE_SIGNAL,Paper entry closed,OPPOSITE_SIGNAL,PAPER
a2fedad9-befc-4908-b000-54dac35617ca,2026-09-21,2026-09-21T12:10:00,2026-09-21T13:16:01,NIFTY,Option,NIFTY22SEP26P23400,BUY,65,62.3,61.1,-77.99999999999972,Closed,OPPOSITE_SIGNAL,Paper entry closed,OPPOSITE_SIGNAL,PAPER
6a1a0deb-de22-4931-85fc-f6e46ef3b4ec,2026-09-21,2026-09-21T13:15:00,2026-09-21T14:00:50,NIFTY,Option,NIFTY22SEP26C23400,BUY,65,71.25,98.0,1738.75,Closed,SL,Paper entry closed,SL,PAPER
afb17442-2653-4155-95d0-35e955d95f84,2026-09-21,2026-09-21T14:30:00,2026-09-21T15:25:03,NIFTY,Option,NIFTY22SEP26P23450,BUY,65,65.55,64.95,-38.99999999999963,Closed,MIS_EXIT,Paper entry closed,MIS_EXIT,PAPER
eec32850-7d86-49fe-87fd-bd0fb5114ef9,2026-09-22,2026-09-22T09:26:00,2026-09-22T09:40:00,NIFTY,Option,NIFTY22SEP26P23450,BUY,65,58.4,49.0,-610.9999999999999,Closed,OPPOSITE_SIGNAL,Paper entry closed,OPPOSITE_SIGNAL,PAPER
2a3c64c1-678d-4fcc-b1c5-0b7814cf006b,2026-09-22,2026-09-22T09:39:00,2026-09-22T10:23:09,NIFTY,Option,NIFTY22SEP26C23450,BUY,65,44.85,39.0,-380.2500000000001,Closed,OPPOSITE_SIGNAL,Paper entry closed,OPPOSITE_SIGNAL,PAPER
c1ffe199-1660-4a48-8e0c-55804f6e33a0,2026-09-22,2026-09-22T10:22:00,2026-09-22T10:37:30,NIFTY,Option,NIFTY22SEP26P23450,BUY,65,45.45,64.85,1260.9999999999995,Closed,SL,Paper entry closed,SL,PAPER
24913e4f-f1cc-4a71-98c8-a0cd87339b8e,2026-09-22,2026-09-22T10:58:00,2026-09-22T11:31:06,NIFTY,Option,NIFTY22SEP26C23400,BUY,65,40.1,37.0,-201.50000000000009,Closed,OPPOSITE_SIGNAL,Paper entry closed,OPPOSITE_SIGNAL,PAPER
0098d7a2-b3a6-4ece-ace0-46cfecd583b3,2026-09-22,2026-09-22T11:30:00,2026-09-22T11:52:45,NIFTY,Option,NIFTY22SEP26P23400,BUY,65,54.3,67.0,825.5000000000002,Closed,SL,Paper entry closed,SL,PAPER
b6e6956c-37e6-4180-b7c2-8d3ac54f9bb6,2026-09-22,2026-09-22T13:07:00,2026-09-22T13:46:02,NIFTY,Option,NIFTY22SEP26C23350,BUY,65,30.7,28.25,-159.24999999999994,Closed,OPPOSITE_SIGNAL,Paper entry closed,OPPOSITE_SIGNAL,PAPER
bd8af0c5-176b-4de5-a8cd-e437b7326c99,2026-09-22,2026-09-22T13:45:00,2026-09-22T13:55:24,NIFTY,Option,NIFTY22SEP26P23350,BUY,65,51.85,62.25,675.9999999999999,Closed,SL,Paper entry closed,SL,PAPER
572535db-8eff-4037-a72f-5852ff897fb0,2026-09-22,2026-09-22T14:09:00,2026-09-22T14:15:32,NIFTY,Option,NIFTY22SEP26C23300,BUY,65,45.15,106.2,3968.2500000000005,Closed,SL,Paper entry closed,SL,PAPER
1fea1e06-cf30-4a45-af1d-8b38d69b7250,2026-09-22,2026-09-22T14:42:00,2026-09-22T15:13:18,NIFTY,Option,NIFTY22SEP26P23350,BUY,65,24.25,25.1,292.4999999999991,Closed,MANUAL_EXIT,Exited 65 qty @ 25.40,Fully closed via manual Sell @ 25.10,PAPER
e5c26990-a7c0-45d5-b371-edd73b4fb12d,2026-09-23,2026-09-23T09:25:00,2026-09-23T09:28:16,SENSEX,Option,SENSEX26SEP74700PE,BUY,20,235.1,235.45,6.999999999999886,Closed,SL,Paper entry closed,SL,PAPER
db9fa5a4-b060-4cc3-913b-618fa6a31343,2026-09-23,2026-09-23T09:25:00,2026-09-23T09:30:03,SENSEX,Option,SENSEX26SEP74700PE,BUY,20,244.35,249.35,100.0,Closed,SL,Paper entry closed,SL,PAPER
11d13b98-1c9d-4b5d-9274-2f03d1a45c9f,2026-09-23,2026-09-23T09:38:00,2026-09-23T09:45:54,SENSEX,Option,SENSEX26SEP74700CE,BUY,20,246.8,246.6,-4.000000000000341,Closed,SL,Paper entry closed,SL,PAPER
86f9c80a-f035-4eb9-a0ef-99dd8001e34b,2026-09-23,2026-09-23T09:38:00,2026-09-23T09:48:25,SENSEX,Option,SENSEX26SEP74700CE,BUY,20,245.1,244.6,-10.0,Closed,SL,Paper entry closed,SL,PAPER
465b1d40-c567-4d1a-8ea4-7d332e4a78f7,2026-09-23,2026-09-23T09:58:00,2026-09-23T10:00:48,SENSEX,Option,SENSEX26SEP74700CE,BUY,40,224.1,234.6,420.0,Closed,SL,Paper entry closed,SL,PAPER
ffe9611b-d19d-4a95-a67a-df6dcf57ab30,2026-09-23,2026-09-23T10:00:00,2026-09-23T10:06:59,SENSEX,Option,SENSEX26SEP74700CE,BUY,40,233.45,235.45,80.0,Closed,SL,Paper entry closed,SL,PAPER
d5f2d525-e994-4997-923a-8648b250d499,2026-09-23,2026-09-23T10:00:00,2026-09-23T10:19:04,SENSEX,Option,SENSEX26SEP74700CE,BUY,40,230.05,252.8,910.0,Closed,SL,Paper entry closed,SL,PAPER
da75246d-783d-44f0-a7f0-cf274ea63e99,2026-09-23,2026-09-23T10:17:00,2026-09-23T10:20:15,SENSEX,Option,SENSEX26SEP74700CE,BUY,40,251.9,258.05,246.00000000000023,Closed,SL,Paper entry closed,SL,PAPER
36ff2cf4-b650-497e-8a1f-2c1af90ce34a,2026-09-23,2026-09-23T11:50:00,2026-09-23T12:02:04,SENSEX,Option,SENSEX26SEP74900PE,BUY,40,257.1,241.15,-638.0000000000007,Closed,OPPOSITE_SIGNAL,Paper entry closed,OPPOSITE_SIGNAL,PAPER
79bb8af1-353b-4db5-b629-232fecab87f2,2026-09-23,2026-09-23T12:01:00,2026-09-23T12:02:19,SENSEX,Option,SENSEX26SEP74900CE,BUY,40,211.0,212.85,73.99999999999977,Closed,OPPOSITE_SIGNAL,Paper entry closed,OPPOSITE_SIGNAL,PAPER
1f027226-83a5-4ab2-bdfb-9900b4ea218e,2026-09-23,2026-09-23T14:03:00,2026-09-23T14:16:17,SENSEX,Option,SENSEX26SEP74800CE,BUY,20,237.4,258.0,411.9999999999999,Closed,TSL,Paper entry closed,TSL,PAPER
ad69f543-a14b-4bcc-bf1b-36c4b29ef200,2026-09-23,2026-09-23T14:20:00,2026-09-23T14:28:47,SENSEX,Option,SENSEX26SEP74900PE,BUY,20,221.15,195.3,-516.9999999999999,Closed,OPPOSITE_SIGNAL,Paper entry closed,OPPOSITE_SIGNAL,PAPER
4d4ea906-dd3e-42db-982e-3b528fcb46a3,2026-09-23,2026-09-23T14:28:00,2026-09-23T14:31:18,SENSEX,Option,SENSEX26SEP74900CE,BUY,20,218.6,218.45,-3.0000000000001137,Closed,TSL,Paper entry closed,TSL,PAPER
d1f385ee-b120-4472-b19d-6fcb9a2830eb,2026-09-23,2026-09-23T14:35:00,2026-09-23T14:42:35,SENSEX,Option,SENSEX26SEP74900PE,BUY,20,225.9,230.8,98.00000000000011,Closed,TSL,Paper entry closed,TSL,PAPER
fb0b0f4c-8ac9-4b5d-9d6a-91e80d1ab943,2026-09-23,2026-09-23T14:52:00,2026-09-23T14:56:06,SENSEX,Option,SENSEX26SEP74800CE,BUY,20,218.85,218.25,-11.999999999999886,Closed,TSL,Paper entry closed,TSL,PAPER
a8f74d2c-5c07-4cdb-bbfc-7c015aa3796c,2026-09-23,2026-09-23T15:14:00,2026-09-23T15:22:30,SENSEX,Option,SENSEX26SEP74800CE,BUY,20,212.4,210.2,-44.00000000000034,Closed,TSL,Paper entry closed,TSL,PAPER
874ec074-0139-4335-acb2-4de27bf9760c,2026-09-24,2026-09-24T09:14:00,2026-09-24T09:21:47,SENSEX,Option,SENSEX26SEP74300PE,BUY,40,194.85,216.25,856.0000000000002,Closed,TSL,Paper entry closed,TSL,PAPER
0a6c956c-f13e-4ff8-9816-7230d241e3cd,2026-09-24,2026-09-24T09:28:00,2026-09-24T09:38:57,SENSEX,Option,SENSEX26SEP74300CE,BUY,40,153.6,139.6,-560.0,Closed,OPPOSITE_SIGNAL,Paper entry closed,OPPOSITE_SIGNAL,PAPER
abcefa57-5d36-48dd-94c5-2f9f47ab412d,2026-09-24,2026-09-24T09:38:00,2026-09-24T09:39:24,SENSEX,Option,SENSEX26SEP74300PE,BUY,40,210.15,213.0,113.99999999999977,Closed,OPPOSITE_SIGNAL,Paper entry closed,OPPOSITE_SIGNAL,PAPER
61273c5d-a661-4c0c-9be5-131f31032fe9,2026-09-24,2026-09-24T09:29:00,2026-09-24T09:51:49,SENSEX,Option,SENSEX26SEP74300CE,BUY,40,135.95,123.9,-481.9999999999993,Closed,MANUAL_EXIT,Paper entry closed,MANUAL_EXIT,PAPER
e585342e-98dc-4ef2-9798-64507c401522,2026-09-24,2026-09-24T10:01:00,2026-09-24T10:14:07,SENSEX,Option,SENSEX26SEP74200CE,BUY,40,170.55,144.2,-1054.000000000001,Closed,OPPOSITE_SIGNAL,Paper entry closed,OPPOSITE_SIGNAL,PAPER
1146b953-319c-4d79-9eb8-e29c4a6dd3ec,2026-09-24,2026-09-24T10:14:00,2026-09-24T10:14:23,SENSEX,Option,SENSEX26SEP74100PE,BUY,40,145.4,147.2,71.99999999999932,Closed,OPPOSITE_SIGNAL,Paper entry closed,OPPOSITE_SIGNAL,PAPER
987967ba-97ae-46d5-9234-31b1b55115d6,2026-09-24,2026-09-24T10:43:00,2026-09-24T10:52:08,SENSEX,Option,SENSEX26SEP74100PE,BUY,40,154.25,128.75,-1020.0,Closed,OPPOSITE_SIGNAL,Paper entry closed,OPPOSITE_SIGNAL,PAPER
fdac37f4-bd99-4eac-bba3-76251386dd1f,2026-09-24,2026-09-24T10:52:00,2026-09-24T11:06:05,SENSEX,Option,SENSEX26SEP74200CE,BUY,40,162.7,143.85,-753.9999999999998,Closed,OPPOSITE_SIGNAL,Paper entry closed,OPPOSITE_SIGNAL,PAPER
7be41c22-c8db-4f31-9da5-b34ff6143aa5,2026-09-24,2026-09-24T11:06:00,2026-09-24T11:17:29,SENSEX,Option,SENSEX26SEP74200PE,BUY,40,188.05,173.5,-582.0000000000005,Closed,OPPOSITE_SIGNAL,Paper entry closed,OPPOSITE_SIGNAL,PAPER
29d70c4c-eb51-4edd-aa73-2c2b6462667e,2026-09-24,2026-09-24T11:17:00,2026-09-24T11:25:43,SENSEX,Option,SENSEX26SEP74200CE,BUY,40,153.5,134.0,-780.0,Closed,OPPOSITE_SIGNAL,Paper entry closed,OPPOSITE_SIGNAL,PAPER
618b7d69-6d85-4f99-ac27-5cb0b1b79e87,2026-09-24,2026-09-24T11:25:00,2026-09-24T11:25:55,SENSEX,Option,SENSEX26SEP74100PE,BUY,40,146.35,147.0,26.000000000000227,Closed,OPPOSITE_SIGNAL,Paper entry closed,OPPOSITE_SIGNAL,PAPER
2d0c715d-ce18-487e-a23a-f41bcba72762,2026-09-24,2026-09-24T11:18:00,2026-09-24T11:26:03,SENSEX,Option,SENSEX26SEP74200CE,BUY,40,132.6,132.85,10.0,Closed,OPPOSITE_SIGNAL,Paper entry closed,OPPOSITE_SIGNAL,PAPER
de964e64-9da2-4b11-a6e3-f863174cc28e,2026-09-24,2026-09-24T12:02:00,2026-09-24T12:14:19,SENSEX,Option,SENSEX26SEP74100CE,BUY,40,165.6,155.9,-387.99999999999955,Closed,OPPOSITE_SIGNAL,Paper entry closed,OPPOSITE_SIGNAL,PAPER
7ad87671-870b-4986-bee6-fd746c8ba4ab,2026-09-24,2026-09-24T12:14:00,2026-09-24T12:14:31,SENSEX,Option,SENSEX26SEP74100PE,BUY,40,161.25,166.9,226.00000000000023,Closed,OPPOSITE_SIGNAL,Paper entry closed,OPPOSITE_SIGNAL,PAPER
15b8ea69-bb63-4067-a0a5-b930545961c9,2026-09-24,2026-09-24T12:05:00,2026-09-24T12:14:40,SENSEX,Option,SENSEX26SEP74100CE,BUY,40,151.4,151.9,20.0,Closed,OPPOSITE_SIGNAL,Paper entry closed,OPPOSITE_SIGNAL,PAPER
81630a20-3fea-4b00-a133-fde93e12db19,2026-09-24,2026-09-24T13:04:00,2026-09-24T13:26:00,SENSEX,Option,SENSEX26SEP74000CE,BUY,40,187.8,156.25,-1262.0000000000005,Closed,OPPOSITE_SIGNAL,Paper entry closed,OPPOSITE_SIGNAL,PAPER
e6377a04-7050-4880-b1bd-bf8d403dd0ac,2026-09-24,2026-09-24T13:25:00,2026-09-24T13:27:23,SENSEX,Option,SENSEX26SEP74000PE,BUY,40,170.1,197.6,1100.0,Closed,TSL,Paper entry closed,TSL,PAPER
4eaffb4c-8195-45bb-afe4-ba44d1a6a0df,2026-09-24,2026-09-24T14:02:00,2026-09-24T14:21:24,SENSEX,Option,SENSEX26SEP73700CE,BUY,40,180.2,147.15,-1321.9999999999993,Closed,OPPOSITE_SIGNAL,Paper entry closed,OPPOSITE_SIGNAL,PAPER
6b7d1b06-f9ce-4ac7-8e25-28de6f407319,2026-09-24,2026-09-24T14:21:00,2026-09-24T14:24:44,SENSEX,Option,SENSEX26SEP73600PE,BUY,40,163.25,162.85,-16.000000000000227,Closed,TSL,Paper entry closed,TSL,PAPER
7ff0c750-53f2-45cc-b801-42310c9bedab,2026-09-24,2026-09-24T14:23:00,2026-09-24T14:32:25,SENSEX,Option,SENSEX26SEP73600PE,BUY,40,165.3,123.2,-1684.0000000000005,Closed,OPPOSITE_SIGNAL,Paper entry closed,OPPOSITE_SIGNAL,PAPER
0113ce96-6a8b-47f1-9bfd-9b5b94dc43c5,2026-09-24,2026-09-24T14:32:00,2026-09-24T14:41:11,SENSEX,Option,SENSEX26SEP73700CE,BUY,40,152.25,172.4,806.0000000000002,Closed,TSL,Paper entry closed,TSL,PAPER
4b386bb0-35c9-48e8-b32a-5c89b6a8cdfd,2026-09-24,2026-09-24T15:01:00,2026-09-24T15:20:01,SENSEX,Option,SENSEX26SEP73700PE,BUY,40,133.15,72.5,-2426.0,Closed,SL,Paper entry closed,SL,PAPER
99a9908c-d47a-4c8c-bf51-6b9aeb5a973f,2026-09-25,2026-09-25T09:36:00,2026-09-25T09:45:21,NIFTY,Option,NIFTY29SEP26P23100,BUY,65,99.95,113.65,890.5000000000002,Closed,TSL,Paper entry closed,TSL,PAPER
b106cd2b-d1e4-4d5a-9113-0905e481cbe5,2026-09-25,2026-09-25T10:02:00,2026-09-25T10:14:51,NIFTY,Option,NIFTY29SEP26C23050,BUY,65,155.75,163.0,1072.5,Closed,TSL,Exited 65 qty @ 165.00,TSL,PAPER
9a150f52-e178-498c-bd09-5a36b91970ce,2026-09-25,2026-09-25T10:24:00,2026-09-25T10:39:30,NIFTY,Option,NIFTY29SEP26P23100,BUY,65,102.6,102.55,-3.2499999999998153,Closed,TSL,Paper entry closed,TSL,PAPER
1573b002-50cc-42d7-80f9-f42d529d7fc1,2026-09-25,2026-09-25T10:56:00,2026-09-25T11:24:25,NIFTY,Option,NIFTY29SEP26C23050,BUY,65,147.125,153.95,1365.0,Closed,TSL,Exited 65 qty @ 161.30,TSL,PAPER
ae06d7dd-915b-4ba0-b31b-10d724b83971,2026-09-25,2026-09-25T11:25:00,2026-09-25T12:12:02,NIFTY,Option,NIFTY29SEP26P23100,BUY,65,97.55,94.8,-178.75,Closed,OPPOSITE_SIGNAL,Paper entry closed,OPPOSITE_SIGNAL,PAPER
f04e6c53-fb8c-4745-a953-9ff8cd3d9364,2026-09-25,2026-09-25T12:11:00,2026-09-25T12:37:08,NIFTY,Option,NIFTY29SEP26C23100,BUY,65,115.45,108.75,-435.50000000000017,Closed,OPPOSITE_SIGNAL,Paper entry closed,OPPOSITE_SIGNAL,PAPER
413cb635-ad7d-458e-a9ec-6eb0e3836141,2026-09-25,2026-09-25T12:36:00,2026-09-25T12:58:11,NIFTY,Option,NIFTY29SEP26P23050,BUY,65,79.35,95.2,1030.2500000000005,Closed,TSL,Paper entry closed,TSL,PAPER
5401032e-786d-47d9-828a-72ef224e6ab1,2026-09-25,2026-09-25T13:46:00,2026-09-25T14:02:45,NIFTY,Option,NIFTY29SEP26C23050,BUY,65,127.8,163.05,2291.250000000001,Closed,TSL,Paper entry closed,TSL,PAPER
a9d541e2-6df7-4731-a3dd-fd759f56e3c9,2026-09-25,2026-09-25T14:13:00,2026-09-25T14:31:10,NIFTY,Option,NIFTY29SEP26P23100,BUY,65,70.25,62.35,-513.4999999999999,Closed,OPPOSITE_SIGNAL,Paper entry closed,OPPOSITE_SIGNAL,PAPER
51393805-2bf3-47a9-8918-8902e3d4c60d,2026-09-25,2026-09-25T14:30:00,2026-09-25T14:44:03,NIFTY,Option,NIFTY29SEP26C23150,BUY,195,124.98333333333333,122.55,-474.50000000000074,Closed,OPPOSITE_SIGNAL,Added 65 qty @ 120.85,OPPOSITE_SIGNAL,PAPER
da00fd20-bdb8-429b-89ec-b6a5faceba20,2026-09-25,2026-09-25T14:43:00,2026-09-25T14:50:56,NIFTY,Option,NIFTY29SEP26P23100,BUY,65,63.758333333333354,69.85,1114.7499999999939,Closed,TSL,Exited 65 qty @ 69.00,TSL,PAPER
e4103d0e-5826-4c67-a6c7-0ce86bfb08e9,2026-09-28,2026-09-28T09:47:00,2026-09-28T10:07:16,NIFTY,Option,NIFTY29SEP26C22900,BUY,65,99.25,96.45,-181.99999999999983,Closed,OPPOSITE_SIGNAL,Ok,Ok,REAL
70d24cde-4a91-41fd-889d-64290b16bf66,2026-09-28,2026-09-28T10:06:00,2026-09-28T10:20:25,NIFTY,Option,NIFTY29SEP26P22850,BUY,65,69.6,71.6,130.0,Closed,TSL,Ok,Ok,REAL
41ab9188-c8cb-4b07-bea7-4bc667fb1497,2026-09-28,2026-09-28T10:57:00,2026-09-28T11:05:25,NIFTY,Option,NIFTY29SEP26C22850,BUY,65,105.95,101.5,-289.25000000000017,Closed,OPPOSITE_SIGNAL,Ok,Ok,REAL
26a51071-7287-406d-95ff-0408a968b2ef,2026-09-28,2026-09-28T11:04:00,2026-09-28T11:29:14,NIFTY,Option,NIFTY29SEP26P22800,BUY,65,60.0,56.45,-230.74999999999983,Closed,OPPOSITE_SIGNAL,Ok,Ok,REAL
c7601911-9142-4cf6-adf2-2302389d20f2,2026-09-28,2026-09-28T11:28:00,2026-09-28T11:49:38,NIFTY,Option,NIFTY29SEP26C22850,BUY,65,103.9,104.1,12.999999999999261,Closed,TSL,Ok,Ok,REAL
a4e434f7-0e74-4532-9c83-16513f5f12c8,2026-09-28,2026-09-28T11:51:00,2026-09-28T12:01:39,NIFTY,Option,NIFTY29SEP26P22850,BUY,65,76.0,75.75,-16.25,Closed,TSL,Ok,Ok,REAL
84e09fc7-c456-492d-9263-84f8fb90e356,2026-09-28,2026-09-28T12:57:00,,NIFTY,Option,NIFTY29SEP26P22800,BUY,65,55.9,,0,Entry_Rejected,,RED:Margin Shortfall:INR 2338.31 Available:INR 26370.12 for C-Z50011 [ZEBUPRE05],,REAL
26af7b72-ac28-48c1-9fbc-36f0daca5253,2026-09-28,2026-09-28T12:24:00,2026-09-28T12:58:38,NIFTY,Option,NIFTY29SEP26C22850,BUY,65,106.5,95.85,-692.2500000000003,Closed,OPPOSITE_SIGNAL,Ok,Ok,REAL
526911b8-f425-4624-b47a-366c56c8479a,2026-09-28,2026-09-28T13:23:00,2026-09-28T13:34:10,NIFTY,Option,NIFTY29SEP26C22850,BUY,65,97.8,94.75,-198.24999999999983,Closed,OPPOSITE_SIGNAL,Ok,Ok,REAL
4c2f8e0f-0838-4c6b-8dcd-01b73dfbfa74,2026-09-28,2026-09-28T13:33:00,2026-09-28T13:42:07,NIFTY,Option,NIFTY29SEP26P22850,BUY,65,70.65,66.25,-286.00000000000034,Closed,OPPOSITE_SIGNAL,Ok,Ok,REAL
06e32fb1-480b-46f6-94cf-d38e40023f15,2026-09-28,2026-09-28T13:41:00,2026-09-28T14:15:39,NIFTY,Option,NIFTY29SEP26C22850,BUY,65,100.95,82.25,-1215.5000000000002,Closed,SL,Ok,Ok,REAL
d3d3ca33-5bc2-401a-9597-fa37cf3996bb,2026-09-29,2026-09-29T09:41:00,2026-09-29T09:51:25,NIFTY,Option,NIFTY29SEP26C22600,BUY,65,80.05,67.1,-841.7500000000002,Closed,OPPOSITE_SIGNAL,Paper entry closed,OPPOSITE_SIGNAL,PAPER
77e820f7-141d-4b9e-ac6c-3af7bef8d76e,2026-09-29,2026-09-29T09:55:00,2026-09-29T10:01:52,NIFTY,Option,NIFTY29SEP26C22600,BUY,65,75.8,70.55,-341.25,Closed,MANUAL_EXIT,Paper entry closed,MANUAL_EXIT,PAPER
f0667f1c-c22e-4e9f-81d2-4e825a2c7793,2026-09-29,2026-09-29T10:26:00,2026-09-29T10:34:20,NIFTY,Option,NIFTY29SEP26C22600,BUY,65,64.75,58.55,-403.00000000000017,Closed,OPPOSITE_SIGNAL,Ok,Ok,REAL
a7ea0451-acb1-46ce-b18e-5b8a71c94f3e,2026-09-29,2026-09-29T10:33:00,2026-09-29T11:10:27,NIFTY,Option,NIFTY29SEP26P22600,BUY,65,61.8,41.5,-1319.4999999999998,Closed,SL,Ok,Ok,REAL
a1b05367-c34c-44ee-9b25-38e4859287ad,2026-09-29,2026-09-29T11:02:00,2026-09-29T11:11:21,NIFTY,Option,NIFTY29SEP26P22600,BUY,65,34.55,29.7,-315.2499999999999,Closed,OPPOSITE_SIGNAL,Ok,Ok,REAL
e1877ac3-e6a6-4970-a3e3-b9c3977f7dd4,2026-09-30,2026-09-30T10:33:00,2026-09-30T10:47:55,NIFTY,Option,NIFTY06OCT26P22700,BUY,65,120.125,126.75,617.5,Closed,TSL,Exited 65 qty @ 123.00,Ok,REAL
2dfd3b11-8b5d-492e-b554-4070da396851,2026-09-30,2026-09-30T11:36:00,2026-09-30T12:05:35,NIFTY,Option,NIFTY06OCT26C22700,BUY,65,170.95,175.65,305.50000000000114,Closed,TSL,Ok,Ok,REAL
20371735-6e56-46ba-9aed-436744736311,2026-10-01,2026-10-01T09:30:00,2026-10-01T09:36:39,NIFTY,Option,NIFTY06OCT26C22550,BUY,130,160.95,140.7,-2632.5,Closed,SL,Paper entry closed,SL,PAPER
3639d1aa-bb3c-4800-a6dc-9ba099ddf093,2026-10-01,2026-10-01T09:54:00,2026-10-01T10:00:18,NIFTY,Option,NIFTY06OCT26P22550,BUY,130,120.05,104.7,-1995.4999999999993,Closed,OPPOSITE_SIGNAL,Paper entry closed,OPPOSITE_SIGNAL,PAPER
dac62357-c0ea-457f-af89-b9e21582ad79,2026-10-01,2026-10-01T10:11:00,2026-10-01T10:32:11,NIFTY,Option,NIFTY06OCT26P22600,BUY,130,134.7,124.85,-1280.4999999999993,Closed,OPPOSITE_SIGNAL,Paper entry closed,OPPOSITE_SIGNAL,PAPER
143bb283-83df-4098-a6d4-6ce06f47099f,2026-10-01,2026-10-01T10:31:00,2026-10-01T10:38:09,NIFTY,Option,NIFTY06OCT26C22600,BUY,130,132.55,133.15,77.99999999999926,Closed,TSL,Paper entry closed,TSL,PAPER
01221abf-f13d-4ca9-a1c4-4054ac3188ab,2026-10-01,2026-10-01T10:46:00,2026-10-01T10:52:04,NIFTY,Option,NIFTY06OCT26P22550,BUY,8580,101.85606060606061,100.85,-8632.000000000075,Closed,OPPOSITE_SIGNAL,Added 6500 qty @ 99.55,OPPOSITE_SIGNAL,PAPER
ac1e13ff-f5a7-4105-bc19-0a2d17ae43ed,2026-10-01,2026-10-01T10:51:00,2026-10-01T11:10:19,NIFTY,Option,NIFTY06OCT26C22600,BUY,6500006584630,114.25000309764283,114.55,-643175044740065.5,Closed,OPPOSITE_SIGNAL,Exited 6500000000000 qty @ 15.00,OPPOSITE_SIGNAL,PAPER
4d6e4368-ad1a-4cbc-8c92-708a33ccd47a,2026-10-05,2026-10-05T09:14:00,2026-10-05T09:21:27,NIFTY,Option,NIFTY06OCT26C22550,BUY,65,121.7,98.85,-1485.2500000000005,Closed,SL,Ok,Ok,REAL
94227148-8c21-41c0-95dd-93a700202bc2,2026-10-05,2026-10-05T09:58:00,,NIFTY,Option,NIFTY06OCT26P22600,BUY,65,95.35,,0,Entry_Rejected,,Entry order rejected by broker,,REAL
0c7d66ab-d82f-4817-9b7d-943eb7f300cd,2026-10-06,2026-10-06T10:07:00,2026-10-06T10:11:11,NIFTY,Option,NIFTY06OCT26P22650,BUY,65,65.15,68.6,224.24999999999926,Closed,TSL,Ok,Ok,REAL
cda3a6fd-1dbb-44bc-b88c-da73d1ea9a8b,2026-10-07,2026-10-07T09:14:00,2026-10-07T09:18:09,NIFTY,Option,NIFTY13OCT26P22700,BUY,65,183.35,203.25,1293.5000000000005,Closed,TSL,Paper entry closed,TSL,PAPER
6da1047f-dd6b-4d0f-bc55-494c1ac23aa9,2026-10-07,2026-10-07T09:31:00,2026-10-07T09:38:08,NIFTY,Option,NIFTY13OCT26C22650,BUY,65,146.9,134.05,-835.2499999999997,Closed,OPPOSITE_SIGNAL,Paper entry closed,OPPOSITE_SIGNAL,PAPER
9b8120e6-20d2-4397-828e-a5c04399edca,2026-10-07,2026-10-07T09:37:00,2026-10-07T09:41:52,NIFTY,Option,NIFTY13OCT26P22600,BUY,65,156.7,158.0,84.50000000000074,Closed,TSL,Paper entry closed,TSL,PAPER
e8d2c896-fcbd-484a-92b1-acd1f56ca44a,2026-10-07,2026-10-07T09:43:00,2026-10-07T10:02:50,NIFTY,Option,NIFTY13OCT26C22600,BUY,65,169.65,147.0,-1472.2500000000005,Closed,SL,Paper entry closed,SL,PAPER
39d6f68c-e40c-493a-865d-81c83804cf1c,2026-10-07,2026-10-07T10:02:00,2026-10-07T10:05:36,NIFTY,Option,NIFTY13OCT26P22600,BUY,65,168.75,148.85,-1293.5000000000005,Closed,SL,Paper entry closed,SL,PAPER
bc8f43c3-6ec8-4afc-a3e7-0bf46cb1f75d,2026-10-07,2026-10-07T10:05:00,2026-10-07T10:19:12,NIFTY,Option,NIFTY13OCT26C22600,BUY,65,165.3,191.25,1686.7499999999993,Closed,TSL,Paper entry closed,TSL,PAPER
0536ca3e-f02e-491f-a9c9-5fd0ad29ec52,2026-10-07,2026-10-07T10:34:00,2026-10-07T10:38:44,NIFTY,Option,NIFTY13OCT26P22650,BUY,65,148.1,148.45,22.74999999999963,Closed,TSL,Paper entry closed,TSL,PAPER
4a44b9fc-356f-49e8-85c2-5c67fcc11b10,2026-10-07,2026-10-07T10:54:00,2026-10-07T11:20:00,NIFTY,Option,NIFTY13OCT26C22700,BUY,65,151.5,141.8,-630.4999999999993,Closed,OPPOSITE_SIGNAL,Paper entry closed,OPPOSITE_SIGNAL,PAPER
38ed814a-e586-4c0a-a904-b7f7982797ec,2026-10-07,2026-10-07T11:19:00,2026-10-07T11:36:14,NIFTY,Option,NIFTY13OCT26P22700,BUY,65,153.25,155.9,172.25000000000037,Closed,TSL,Paper entry closed,TSL,PAPER
ef8a0ee8-e610-4161-a39d-172ab7ab26cb,2026-10-07,2026-10-07T11:38:00,2026-10-07T12:07:48,NIFTY,Option,NIFTY13OCT26C22700,BUY,65,149.6,153.15,230.75000000000074,Closed,TSL,Paper entry closed,TSL,PAPER
6364acde-6aed-4340-bf55-49461f02b1be,2026-10-07,2026-10-07T12:11:00,2026-10-07T12:16:01,NIFTY,Option,NIFTY13OCT26P22700,BUY,65,153.25,153.25,0.0,Closed,TSL,Paper entry closed,TSL,PAPER
26621d0a-9253-4406-ae34-a5316543844a,2026-10-07,2026-10-07T12:50:00,2026-10-07T13:09:18,NIFTY,Option,NIFTY13OCT26P22650,BUY,65,143.75,193.9,3259.7500000000005,Closed,TSL,Paper entry closed,TSL,PAPER
0d5d71ab-b064-4177-957a-3e7fa3a872ad,2026-10-07,2026-10-07T13:17:00,2026-10-07T13:53:01,NIFTY,Option,NIFTY13OCT26C22600,BUY,65,143.65,143.0,-42.25000000000037,Closed,OPPOSITE_SIGNAL,Paper entry closed,OPPOSITE_SIGNAL,PAPER
1324b297-f731-47d4-9a33-503b17ec3bee,2026-10-07,2026-10-07T13:52:00,2026-10-07T14:01:36,NIFTY,Option,NIFTY13OCT26P22600,BUY,65,149.4,165.4,1040.0,Closed,TSL,Paper entry closed,TSL,PAPER
486bcc54-1054-43d7-9367-c2c106a27b65,2026-10-07,2026-10-07T14:18:00,2026-10-07T14:31:41,NIFTY,Option,NIFTY13OCT26C22600,BUY,65,140.35,167.0,1732.2500000000005,Closed,TSL,Paper entry closed,TSL,PAPER
40a65328-26e2-49dc-95aa-7d860b613f1f,2026-10-07,2026-10-07T14:37:00,2026-10-07T14:53:40,NIFTY,Option,NIFTY13OCT26P22600,BUY,65,125.1,134.05,581.7500000000011,Closed,TSL,Paper entry closed,TSL,PAPER
